lag,correlation,n_pairs
lag0 (same week),-0.007147585083972298,504
lag1 (1 week prior),-0.02765171705778018,503
lag2 (2 weeks prior),-0.031032242240650428,502
