calima_proxy_level,count,mean,median,min,max,std
no_calima,442,4.083710407239819,4.0,0.0,10.0,1.9736947608271116
possible,38,4.105263157894737,4.0,0.0,8.0,1.8713988651968423
probable,17,4.294117647058823,3.0,2.0,8.0,2.0544070276588613
intense,7,4.142857142857143,3.0,1.0,8.0,2.7945525240230875
