calima_proxy_level_v2,count,mean,median
no_calima,300,4.023333333333333,4.0
possible,101,4.247524752475248,4.0
probable,24,3.875,4.0
intense,28,4.357142857142857,4.0
