calima_proxy_score,weeks,pct
0.0,291,55.640535
0.5,72,13.76673
1.0,73,13.957935
1.5,30,5.736138
2.0,22,4.206501
2.5,5,0.956023
3.0,11,2.10325
3.5,7,1.338432
4.0,8,1.529637
4.5,4,0.764818
