lag,correlation,n_pairs
lag0 (same week),0.04241720318674761,504
lag1 (1 week prior),0.0007280653395029766,503
lag2 (2 weeks prior),-0.02379186885284975,502
