heat_p95,count,mean,median
0,482,4.0850622406639,4.0
1,23,4.260869565217392,4.0
