heat_p95,count,mean,median
0,430,4.076744186046511,4.0
1,23,4.260869565217392,4.0
