heat_p95,calima_intense,count,mean,median
0,0,403,4.064516129032258,4.0
0,1,27,4.2592592592592595,4.0
1,0,22,4.136363636363637,4.0
1,1,1,7.0,7.0
