heat_p95,calima_intense,count,mean,median
0,0,472,4.0826271186440675,4.0
0,1,7,4.142857142857143,3.0
1,0,25,4.28,4.0
