heat_p95,calima_intense,count,mean,median
0,0,453,4.08167770419426,4.0
0,1,29,4.137931034482759,3.0
1,0,22,4.136363636363637,4.0
1,1,1,7.0,7.0
