island,f_statistic,p_value,eta_squared
tenerife,9.86899029766036,2.443876608510581e-06,0.05406609569761514
