count,mean,median
39,157.69230769230768,158.0
276,136.47826086956522,135.0
125,136.96,134.0
31,140.70967741935485,140.0
