calima_proxy_score,weeks,pct
0.0,252,48.275862
0.5,58,11.111111
1.0,96,18.390805
1.5,45,8.62069
2.0,25,4.789272
2.5,6,1.149425
3.0,14,2.681992
3.5,13,2.490421
4.0,5,0.957854
4.5,8,1.532567
