calima_proxy_score,weeks,pct
0.0,250,47.801147
0.5,60,11.472275
1.0,94,17.973231
1.5,44,8.413002
2.0,29,5.544933
2.5,6,1.147228
3.0,13,2.48566
3.5,11,2.10325
4.0,6,1.147228
4.5,10,1.912046
