lag,correlation,n_pairs
lag0 (same week),0.22140702510762314,522
lag1 (1 week prior),0.1692018094742105,521
lag2 (2 weeks prior),0.1915304267060681,520
