heat_p95,count,mean,median
0,495,140.5979797979798,140.0
1,27,140.1851851851852,140.0
