heat_p95,count,mean,median
0,496,140.57459677419354,139.5
1,27,140.1851851851852,140.0
