heat_p95,calima_intense,count,mean,median
0,0,453,139.15452538631345,138.0
0,1,42,156.16666666666666,158.5
1,0,20,136.55,133.0
1,1,7,150.57142857142858,151.0
