heat_p95,calima_intense,count,mean,median
0,0,459,139.27233115468408,138.0
0,1,36,157.5,158.5
1,0,23,137.3913043478261,137.0
1,1,4,156.25,153.5
