heat_p95,calima_intense,count,mean,median
0,0,410,136.98292682926828,135.0
0,1,36,157.5,158.5
1,0,22,135.77272727272728,133.0
1,1,3,160.0,156.0
