lag,correlation,n_pairs
lag0 (same week),0.12029700528444258,522
lag1 (1 week prior),0.09841245046000192,521
lag2 (2 weeks prior),0.05923802540632438,520
