calima_proxy_level_v2,count,mean,median
no_calima,199,15.306532663316583,15.0
possible,181,15.05524861878453,15.0
probable,56,15.035714285714286,15.0
intense,35,19.02857142857143,19.0
