calima_proxy_level,count,mean,median,min,max,std
intense,37,18.675675675675677,19.0,7.0,31.0,5.072004063999282
no_calima,249,16.333333333333332,16.0,4.0,31.0,4.7947103470207635
possible,181,15.01657458563536,14.0,6.0,30.0,4.444066128772847
probable,56,15.178571428571429,15.0,5.0,23.0,3.8000341761962795
