calima_proxy_level,count,mean,median,std,min,max
no_calima,234,16.136752136752136,15.5,4.753866251982021,4.0,31.0
possible,194,15.345360824742269,15.0,4.594353836485649,6.0,30.0
probable,57,15.263157894736842,15.0,3.8197153773428947,5.0,23.0
intense,37,18.675675675675677,19.0,5.072004063999282,7.0,31.0
