calima_proxy_score,weeks,pct
0.0,205,39.196941
0.5,44,8.413002
1.0,142,27.151052
1.5,39,7.456979
2.0,39,7.456979
2.5,17,3.250478
3.0,12,2.294455
3.5,8,1.529637
4.0,7,1.338432
4.5,10,1.912046
