heat_p95,count,mean,median
0,499,15.943887775551103,15.0
1,24,15.416666666666666,14.0
