heat_p95,count,mean,median
0,495,15.935353535353535,15.0
1,27,15.777777777777779,14.0
