heat_p95,count,mean,median
0,447,15.456375838926174,15.0
1,24,15.416666666666666,14.0
