heat_p95,calima_intense,count,mean,median
0,0,464,15.765086206896552,15.0
0,1,35,18.314285714285713,19.0
1,0,22,14.545454545454545,14.0
1,1,2,25.0,25.0
