heat_p95,calima_intense,count,mean,median
0,0,414,15.20048309178744,15.0
0,1,33,18.666666666666668,19.0
1,0,22,14.545454545454545,14.0
1,1,2,25.0,25.0
