heat_p95,calima_intense,count,mean,median
0,0,459,15.79520697167756,15.0
0,1,36,17.72222222222222,18.0
1,0,22,14.954545454545455,14.0
1,1,5,19.4,19.0
