island,f_statistic,p_value,eta_squared
gran_canaria,10.549052078942639,9.607083021845537e-07,0.057577221818995675
