calima_proxy_score,weeks,pct
0.0,55,10.536398
0.0625,8,1.532567
0.125,196,37.547893
0.1875,25,4.789272
0.25,39,7.471264
0.3125,40,7.662835
0.375,31,5.938697
0.4375,19,3.639847
0.5,14,2.681992
0.5625,29,5.555556
0.625,4,0.766284
0.6875,16,3.065134
0.75,6,1.149425
0.8125,10,1.915709
0.875,11,2.10728
0.9375,2,0.383142
1.0,17,3.256705
