calima_proxy_score,weeks,pct
0.0,109,20.8413
0.5,17,3.250478
1.0,221,42.256214
1.5,58,11.089866
2.0,57,10.898662
2.5,21,4.015296
3.0,13,2.48566
3.5,9,1.720841
4.0,5,0.956023
4.5,13,2.48566
