calima_proxy_level_v2,count,mean,median
no_calima,76,138.02631578947367,137.0
possible,279,130.78853046594983,129.0
probable,79,133.9493670886076,130.0
intense,37,154.0,150.0
