lag,correlation,n_pairs
lag0 (same week),0.2097275619254557,522
lag1 (1 week prior),0.17946310615896563,521
lag2 (2 weeks prior),0.17929072006695512,520
