calima_proxy_level,count,mean,median,min,max,std
no_calima,284,132.83802816901408,132.0,90.0,190.0,18.78204440038043
possible,129,135.06201550387595,134.0,89.0,186.0,20.283056328645525
probable,63,136.57142857142858,135.0,91.0,186.0,22.3885874482127
intense,46,150.80434782608697,144.5,106.0,209.0,24.612209765992503
