calima_proxy_level,count,mean,median,min,max,std
no_calima,114,139.640350877193,137.5,103.0,179.0,17.57669776438608
possible,288,131.35069444444446,129.5,89.0,190.0,19.632829990944963
probable,80,135.5125,131.5,91.0,209.0,22.045404096367832
intense,40,152.525,149.0,106.0,209.0,23.357848842821607
