calima_proxy_level,count,mean,median,std,min,max
no_calima,114,139.640350877193,137.5,17.57669776438608,103.0,179.0
possible,288,131.35069444444446,129.5,19.632829990944963,89.0,190.0
probable,80,135.5125,131.5,22.045404096367832,91.0,209.0
intense,40,152.525,149.0,23.357848842821607,106.0,209.0
