heat_p95,count,mean,median
0,495,135.44242424242424,134.0
1,27,135.03703703703704,134.0
