heat_p95,calima_intense,count,mean,median
0,0,411,132.38929440389293,131.0
0,1,35,155.4,150.0
1,0,23,136.95652173913044,136.0
1,1,2,129.5,129.5
