heat_p95,calima_intense,count,mean,median
0,0,457,133.92122538293216,133.0
0,1,38,153.73684210526315,150.0
1,0,25,135.48,134.0
1,1,2,129.5,129.5
