heat_p95,calima_intense,count,mean,median
0,0,460,133.93478260869566,133.0
0,1,38,152.73684210526315,149.0
1,0,23,136.95652173913044,136.0
1,1,2,129.5,129.5
