heat_p95,calima_intense,count,mean,median
0,0,453,133.99558498896246,133.0
0,1,42,151.04761904761904,146.5
1,0,23,132.7391304347826,134.0
1,1,4,148.25,132.0
