calima_proxy_level,count,mean,median,min,max,std
no_calima,329,15.70516717325228,15.0,6.0,30.0,4.352039476976631
possible,147,15.768707482993197,15.0,5.0,48.0,5.160529901657631
probable,27,16.37037037037037,16.0,7.0,31.0,5.63060420414219
intense,20,17.4,16.0,9.0,31.0,6.047182902197649
