calima_proxy_level,count,mean,median,std,min,max
no_calima,316,15.636075949367088,15.0,4.348745023923828,6.0,30.0
possible,159,15.867924528301886,15.0,5.100401085676919,5.0,48.0
probable,27,16.37037037037037,16.0,5.63060420414219,7.0,31.0
intense,20,17.4,16.0,6.047182902197649,9.0,31.0
