lag,correlation,n_pairs
lag0 (same week),0.019906149305923736,522
lag1 (1 week prior),-0.1026968500518796,521
lag2 (2 weeks prior),-0.03714997822399558,520
