calima_proxy_score,weeks,pct
0.0,264,50.478011
0.5,65,12.428298
1.0,111,21.223709
1.5,36,6.883365
2.0,20,3.824092
2.5,7,1.338432
3.0,7,1.338432
3.5,3,0.573614
4.0,3,0.573614
4.5,7,1.338432
