calima_proxy_level,count,mean,median
no_calima,279,15.57706093189964,15.0
possible,150,15.673333333333334,15.0
probable,22,17.045454545454547,16.5
intense,20,17.4,16.0
