heat_p95,count,mean,median
0,499,15.749498997995993,15.0
1,24,17.333333333333332,17.0
