heat_p95,count,mean,median
0,496,15.743951612903226,15.0
1,26,17.115384615384617,16.5
