heat_p95,count,mean,median
0,447,15.668903803131991,15.0
1,24,17.333333333333332,17.0
