heat_p95,calima_intense,count,mean,median
0,0,473,15.689217758985201,15.0
0,1,23,16.869565217391305,15.0
1,0,26,17.115384615384617,16.5
