heat_p95,calima_intense,count,mean,median
0,0,427,15.587822014051522,15.0
0,1,20,17.4,16.0
1,0,24,17.333333333333332,17.0
