heat_p95,calima_intense,count,mean,median
0,0,479,15.680584551148225,15.0
0,1,20,17.4,16.0
1,0,24,17.333333333333332,17.0
