lag,correlation,n_pairs
lag0 (same week),0.011469930066740859,522
lag1 (1 week prior),-0.001674450765106495,522
lag2 (2 weeks prior),0.07241248235928063,521
