calima_proxy_level,count,mean,median,min,max,std
intense,34,10.176470588235293,10.5,3.0,17.0,3.4065052583059825
no_calima,187,10.572192513368984,10.0,3.0,22.0,3.554321465627288
possible,228,9.609649122807017,10.0,3.0,20.0,3.227264612756152
probable,74,9.08108108108108,9.0,2.0,17.0,3.419351683951401
