calima_proxy_level_v2,count,mean,median
no_calima,136,9.823529411764707,9.5
possible,230,9.569565217391304,9.5
probable,73,9.205479452054794,9.0
intense,32,10.0625,10.5
