calima_proxy_score,weeks,pct
0.0,123,23.563218
0.0625,3,0.574713
0.125,176,33.716475
0.1875,13,2.490421
0.25,34,6.51341
0.3125,20,3.831418
0.375,33,6.321839
0.4375,12,2.298851
0.5,23,4.40613
0.5625,24,4.597701
0.625,5,0.957854
0.6875,18,3.448276
0.75,6,1.149425
0.8125,13,2.490421
0.875,3,0.574713
0.9375,12,2.298851
1.0,4,0.766284
