calima_proxy_score,weeks,pct
0.0,154,29.445507
0.5,33,6.309751
1.0,180,34.416826
1.5,48,9.17782
2.0,54,10.325048
2.5,20,3.824092
3.0,10,1.912046
3.5,9,1.720841
4.0,7,1.338432
4.5,8,1.529637
