heat_p95,count,mean,median
0,445,9.58876404494382,9.0
1,26,10.153846153846153,10.5
