heat_p95,count,mean,median
0,493,9.888438133874239,10.0
1,29,10.344827586206897,11.0
