heat_p95,count,mean,median
0,497,9.903420523138832,10.0
1,26,10.153846153846153,10.5
