heat_p95,calima_intense,count,mean,median
0,0,461,9.869848156182213,10.0
0,1,32,10.15625,10.0
1,0,23,10.478260869565217,11.0
1,1,6,9.833333333333334,10.5
