heat_p95,calima_intense,count,mean,median
0,0,416,9.540865384615385,9.0
0,1,29,10.275862068965518,11.0
1,0,23,10.434782608695652,11.0
1,1,3,8.0,9.0
