heat_p95,calima_intense,count,mean,median
0,0,466,9.871244635193133,10.0
0,1,31,10.387096774193548,11.0
1,0,23,10.434782608695652,11.0
1,1,3,8.0,9.0
