heat_p95,calima_intense,count,mean,median
0,0,462,9.854978354978355,10.0
0,1,31,10.387096774193548,11.0
1,0,26,10.615384615384615,11.0
1,1,3,8.0,9.0
