f_statistic,p_value,eta_squared
8.994326865139085,8.138446286375703e-06,0.04951160229983187
