f_statistic,p_value,eta_squared
10.307743732809353,1.3377988378542213e-06,0.05633434593561539
